{"py/object": "rasa_core.featurizers.MaxHistoryTrackerFeaturizer", "max_history": 5, "remove_duplicates": true, "state_featurizer": {"py/object": "rasa_core.featurizers.BinarySingleStateFeaturizer", "input_state_map": {"entity_budget": 11, "entity_cuisine": 10, "entity_location": 9, "intent_affirm": 0, "intent_deny": 1, "intent_email": 2, "intent_emailAddress": 3, "intent_goodbye": 4, "intent_greet": 5, "intent_inform": 6, "intent_restaurant_search": 7, "intent_thankyou": 8, "prev_action_default_fallback": 17, "prev_action_listen": 15, "prev_action_restart": 16, "prev_action_restaurant": 27, "prev_action_validate_city": 21, "prev_utter_ask_budget": 24, "prev_utter_ask_cuisine": 23, "prev_utter_ask_email": 25, "prev_utter_ask_emailAddress": 26, "prev_utter_ask_howcanhelp": 20, "prev_utter_ask_location": 22, "prev_utter_default": 19, "prev_utter_goodbye": 28, "prev_utter_greet": 18, "slot_budget_0": 12, "slot_cuisine_0": 13, "slot_location_0": 14}, "num_features": 29, "slot_feature_len": 3, "user_feature_len": 12}, "use_intent_probabilities": false}