{
  "action_fingerprints": {
    "action_listen": {
      "slots": [
        "location",
        "budget",
        "cuisine"
      ]
    },
    "utter_goodbye": {
      "slots": []
    },
    "action_validate_city": {
      "slots": [
        "location"
      ]
    }
  },
  "rasa_core": "0.10.3",
  "max_histories": [
    4,
    5
  ],
  "ensemble_name": "rasa_core.policies.ensemble.SimplePolicyEnsemble",
  "policy_names": [
    "rasa_core.policies.memoization.MemoizationPolicy",
    "rasa_core.policies.keras_policy.KerasPolicy"
  ]
}